id;name;description;image_url
1;Lebanon;Designer Persistent;Handmade 24/7 Re-contextualized
2;web-enabled invoice withdrawal;bypassing optical;installation
3;Argentine Peso;Kentucky Algerian Dinar Clothing;open-source turn-key
4;Sausages;disintermediate Cambridgeshire hacking;bricks-and-clicks Concrete Global
5;Fiji Dollar Profound Bacon;Macao Equatorial Guinea Vision-oriented;Agent
6;Human deposit;even-keeled Saint Helena Pound;Internal AI optical
7;bypassing Marketing;Dynamic Home Loan Account Tools;Branding
8;Home Gloves Latvia;Ports Manager Fish;Networked
9;Fish;payment calculating;local area network Benin
10;turn-key dedicated;Wisconsin;target Human withdrawal
