id;taglia;colore;materiale;staglione
1;Wisconsin Facilitator Incredible;reinvent;eco-centric Bedfordshire mesh;Configuration UIC-Franc
2;Ergonomic Concrete Soap Zambian Kwacha;Concrete Bedfordshire;portal calculating Metal;real-time discrete redundant
3;Synergistic Personal Loan Account Sleek;Borders;olive Handcrafted Cotton Bacon Unbranded Fresh Pants;incubate
4;interfaces;Garden Dale Wallis and Futuna;generating;Computers Small Fresh Gloves back-end
5;interface;compress lavender Investment Account;backing up;Iran
6;Philippine Peso Metal;Strategist;card Licensed Cotton Ball;mindshare Gorgeous
7;Chips;navigating;Som Rustic Frozen Keyboard ROI;Benin
8;Tuna Response invoice;alarm Jamaica;system Gorgeous Rubber Pants;hack
9;leading-edge;Ergonomic Steel Gloves;Developer Shoes Music;Buckinghamshire Hollow Shoes
10;withdrawal Generic Frozen Tuna;Gorgeous Cotton Chair Personal Loan Account Borders;Norfolk Island Chilean Peso Unidades de fomento Checking Account;invoice Outdoors New York
